{
  "state_accuracy": {
    "clean_model": {
      "clean": 1.0,
      "randomized": 0.7111111111111111
    },
    "robust_model": {
      "clean": 1.0,
      "randomized": 0.9388888888888889
    }
  },
  "state_majority_baseline": 0.37222222222222223,
  "robust_part_accuracy_randomized": 1.0,
  "n_val": 180
}
